USE [QLDSV_HTC]
GO

SET NOCOUNT ON;

PRINT N'--- Bắt đầu chạy Seed Data ---';

-- 1. KHOA
IF NOT EXISTS (SELECT 1 FROM KHOA WHERE MAKHOA = 'DTVT')
    INSERT INTO KHOA (MAKHOA, TENKHOA) VALUES ('DTVT', N'Điện tử - Viễn thông');
IF NOT EXISTS (SELECT 1 FROM KHOA WHERE MAKHOA = 'ATTT')
    INSERT INTO KHOA (MAKHOA, TENKHOA) VALUES ('ATTT', N'An toàn thông tin');

-- 2. MONHOC
IF NOT EXISTS (SELECT 1 FROM MONHOC WHERE MAMH = 'CSDL')
    INSERT INTO MONHOC (MAMH, TENMH, SOTIET_LT, SOTIET_TH) VALUES ('CSDL', N'Cơ sở dữ liệu', 30, 15);
IF NOT EXISTS (SELECT 1 FROM MONHOC WHERE MAMH = 'LTHDT')
    INSERT INTO MONHOC (MAMH, TENMH, SOTIET_LT, SOTIET_TH) VALUES ('LTHDT', N'Lập trình hướng đối tượng', 30, 15);
IF NOT EXISTS (SELECT 1 FROM MONHOC WHERE MAMH = 'TRR')
    INSERT INTO MONHOC (MAMH, TENMH, SOTIET_LT, SOTIET_TH) VALUES ('TRR', N'Trí tuệ nhân tạo', 40, 5);
IF NOT EXISTS (SELECT 1 FROM MONHOC WHERE MAMH = 'PTTKHT')
    INSERT INTO MONHOC (MAMH, TENMH, SOTIET_LT, SOTIET_TH) VALUES ('PTTKHT', N'Phân tích thiết kế hệ thống', 45, 0);
IF NOT EXISTS (SELECT 1 FROM MONHOC WHERE MAMH = 'LTMB')
    INSERT INTO MONHOC (MAMH, TENMH, SOTIET_LT, SOTIET_TH) VALUES ('LTMB', N'Lập trình di động', 25, 20);
IF NOT EXISTS (SELECT 1 FROM MONHOC WHERE MAMH = 'HTTT')
    INSERT INTO MONHOC (MAMH, TENMH, SOTIET_LT, SOTIET_TH) VALUES ('HTTT', N'Hệ thống thông tin', 40, 5);
IF NOT EXISTS (SELECT 1 FROM MONHOC WHERE MAMH = 'NMLT')
    INSERT INTO MONHOC (MAMH, TENMH, SOTIET_LT, SOTIET_TH) VALUES ('NMLT', N'Nhập môn lập trình', 20, 25);
IF NOT EXISTS (SELECT 1 FROM MONHOC WHERE MAMH = 'MHMT')
    INSERT INTO MONHOC (MAMH, TENMH, SOTIET_LT, SOTIET_TH) VALUES ('MHMT', N'Mạng và truyền thông', 30, 15);

-- 3. GIANGVIEN
IF NOT EXISTS (SELECT 1 FROM GIANGVIEN WHERE MAGV = 'GV07')
    INSERT INTO GIANGVIEN (MAGV, MAKHOA, HO, TEN, HOCVI, CHUYENMON) VALUES ('GV07', 'CNTT', N'Trần Minh', N'Đức', N'Tiến sĩ', N'Cơ sở dữ liệu');
IF NOT EXISTS (SELECT 1 FROM GIANGVIEN WHERE MAGV = 'GV08')
    INSERT INTO GIANGVIEN (MAGV, MAKHOA, HO, TEN, HOCVI, CHUYENMON) VALUES ('GV08', 'CNTT', N'Lê Thị', N'Hương', N'Thạc sĩ', N'Phần mềm');
IF NOT EXISTS (SELECT 1 FROM GIANGVIEN WHERE MAGV = 'GV09')
    INSERT INTO GIANGVIEN (MAGV, MAKHOA, HO, TEN, HOCVI, CHUYENMON) VALUES ('GV09', 'ATTT', N'Nguyễn Văn', N'Bảo', N'Tiến sĩ', N'An toàn mạng');
IF NOT EXISTS (SELECT 1 FROM GIANGVIEN WHERE MAGV = 'GV10')
    INSERT INTO GIANGVIEN (MAGV, MAKHOA, HO, TEN, HOCVI, CHUYENMON) VALUES ('GV10', 'DTVT', N'Phạm Hoàng', N'Long', N'Thạc sĩ', N'Điện tử');
IF NOT EXISTS (SELECT 1 FROM GIANGVIEN WHERE MAGV = 'GV11')
    INSERT INTO GIANGVIEN (MAGV, MAKHOA, HO, TEN, HOCVI, CHUYENMON) VALUES ('GV11', 'CNTT', N'Đỗ Thanh', N'Tùng', N'Thạc sĩ', N'Trí tuệ nhân tạo');
IF NOT EXISTS (SELECT 1 FROM GIANGVIEN WHERE MAGV = 'GV12')
    INSERT INTO GIANGVIEN (MAGV, MAKHOA, HO, TEN, HOCVI, CHUYENMON) VALUES ('GV12', 'VT', N'Vũ Thị', N'Mai', N'Tiến sĩ', N'Viễn thông');

-- 4. LOP
IF NOT EXISTS (SELECT 1 FROM LOP WHERE MALOP = 'D22CQCN01')
    INSERT INTO LOP (MALOP, TENLOP, KHOAHOC, MAKHOA) VALUES ('D22CQCN01', N'CNTT Khóa 22 - Nhóm 1', '2022-2026', 'CNTT');
IF NOT EXISTS (SELECT 1 FROM LOP WHERE MALOP = 'D22CQCN02')
    INSERT INTO LOP (MALOP, TENLOP, KHOAHOC, MAKHOA) VALUES ('D22CQCN02', N'CNTT Khóa 22 - Nhóm 2', '2022-2026', 'CNTT');
IF NOT EXISTS (SELECT 1 FROM LOP WHERE MALOP = 'D23CQAT01')
    INSERT INTO LOP (MALOP, TENLOP, KHOAHOC, MAKHOA) VALUES ('D23CQAT01', N'ATTT Khóa 23 - Nhóm 1', '2023-2027', 'ATTT');
IF NOT EXISTS (SELECT 1 FROM LOP WHERE MALOP = 'D23CQVT01')
    INSERT INTO LOP (MALOP, TENLOP, KHOAHOC, MAKHOA) VALUES ('D23CQVT01', N'Viễn thông Khóa 23', '2023-2027', 'DTVT');

-- 5. SINHVIEN
IF NOT EXISTS (SELECT 1 FROM SINHVIEN WHERE MASV = 'N22DCCN001')
    INSERT INTO SINHVIEN (MASV, HO, TEN, PHAI, MALOP, NGAYSINH, DIACHI) VALUES ('N22DCCN001', N'Nguyễn Thanh', N'Phong', 0, 'D22CQCN01', '2004-01-15', N'TP.HCM');
IF NOT EXISTS (SELECT 1 FROM SINHVIEN WHERE MASV = 'N22DCCN002')
    INSERT INTO SINHVIEN (MASV, HO, TEN, PHAI, MALOP, NGAYSINH, DIACHI) VALUES ('N22DCCN002', N'Trần Thị', N'Lan', 1, 'D22CQCN01', '2004-05-20', N'Bình Dương');
IF NOT EXISTS (SELECT 1 FROM SINHVIEN WHERE MASV = 'N22DCCN003')
    INSERT INTO SINHVIEN (MASV, HO, TEN, PHAI, MALOP, NGAYSINH, DIACHI) VALUES ('N22DCCN003', N'Lê Hoàng', N'Khải', 0, 'D22CQCN01', '2004-10-10', N'Đồng Nai');
IF NOT EXISTS (SELECT 1 FROM SINHVIEN WHERE MASV = 'N22DCCN004')
    INSERT INTO SINHVIEN (MASV, HO, TEN, PHAI, MALOP, NGAYSINH, DIACHI) VALUES ('N22DCCN004', N'Phạm Ngọc', N'Ánh', 1, 'D22CQCN01', '2004-12-05', N'TP.HCM');

IF NOT EXISTS (SELECT 1 FROM SINHVIEN WHERE MASV = 'N22DCCN005')
    INSERT INTO SINHVIEN (MASV, HO, TEN, PHAI, MALOP, NGAYSINH, DIACHI) VALUES ('N22DCCN005', N'Võ Minh', N'Trí', 0, 'D22CQCN02', '2004-03-25', N'Long An');
IF NOT EXISTS (SELECT 1 FROM SINHVIEN WHERE MASV = 'N22DCCN006')
    INSERT INTO SINHVIEN (MASV, HO, TEN, PHAI, MALOP, NGAYSINH, DIACHI) VALUES ('N22DCCN006', N'Huỳnh Thị', N'Ngọc', 1, 'D22CQCN02', '2004-08-14', N'Tiền Giang');
IF NOT EXISTS (SELECT 1 FROM SINHVIEN WHERE MASV = 'N22DCCN007')
    INSERT INTO SINHVIEN (MASV, HO, TEN, PHAI, MALOP, NGAYSINH, DIACHI) VALUES ('N22DCCN007', N'Đặng Quốc', N'Huy', 0, 'D22CQCN02', '2004-11-30', N'TP.HCM');
IF NOT EXISTS (SELECT 1 FROM SINHVIEN WHERE MASV = 'N22DCCN008')
    INSERT INTO SINHVIEN (MASV, HO, TEN, PHAI, MALOP, NGAYSINH, DIACHI) VALUES ('N22DCCN008', N'Bùi Thị', N'Hà', 1, 'D22CQCN02', '2004-07-02', N'Bến Tre');

IF NOT EXISTS (SELECT 1 FROM SINHVIEN WHERE MASV = 'N23DCVT001')
    INSERT INTO SINHVIEN (MASV, HO, TEN, PHAI, MALOP, NGAYSINH, DIACHI) VALUES ('N23DCVT001', N'Trịnh Minh', N'Đạt', 0, 'D23CQVT01', '2005-02-18', N'TP.HCM');
IF NOT EXISTS (SELECT 1 FROM SINHVIEN WHERE MASV = 'N23DCVT002')
    INSERT INTO SINHVIEN (MASV, HO, TEN, PHAI, MALOP, NGAYSINH, DIACHI) VALUES ('N23DCVT002', N'Ngô Thị', N'Yến', 1, 'D23CQVT01', '2005-06-22', N'Cần Thơ');
IF NOT EXISTS (SELECT 1 FROM SINHVIEN WHERE MASV = 'N23DCVT003')
    INSERT INTO SINHVIEN (MASV, HO, TEN, PHAI, MALOP, NGAYSINH, DIACHI) VALUES ('N23DCVT003', N'Dương Văn', N'Hùng', 0, 'D23CQVT01', '2005-09-09', N'Đồng Tháp');

IF NOT EXISTS (SELECT 1 FROM SINHVIEN WHERE MASV = 'N23DCAT001')
    INSERT INTO SINHVIEN (MASV, HO, TEN, PHAI, MALOP, NGAYSINH, DIACHI) VALUES ('N23DCAT001', N'Lý Quốc', N'An', 0, 'D23CQAT01', '2005-04-04', N'Vũng Tàu');
IF NOT EXISTS (SELECT 1 FROM SINHVIEN WHERE MASV = 'N23DCAT002')
    INSERT INTO SINHVIEN (MASV, HO, TEN, PHAI, MALOP, NGAYSINH, DIACHI) VALUES ('N23DCAT002', N'Hoàng Thị', N'Thảo', 1, 'D23CQAT01', '2005-11-11', N'Tây Ninh');
IF NOT EXISTS (SELECT 1 FROM SINHVIEN WHERE MASV = 'N23DCAT003')
    INSERT INTO SINHVIEN (MASV, HO, TEN, PHAI, MALOP, NGAYSINH, DIACHI) VALUES ('N23DCAT003', N'Mai Văn', N'Khôi', 0, 'D23CQAT01', '2005-01-28', N'Bình Phước');
IF NOT EXISTS (SELECT 1 FROM SINHVIEN WHERE MASV = 'N23DCAT004')
    INSERT INTO SINHVIEN (MASV, HO, TEN, PHAI, MALOP, NGAYSINH, DIACHI) VALUES ('N23DCAT004', N'Tạ Thị', N'Linh', 1, 'D23CQAT01', '2005-08-08', N'TP.HCM');

-- 6. LOPTINCHI
-- Sử dụng stored procedure tạm để insert tránh lặp code dài
IF OBJECT_ID('tempdb..#TempLTC') IS NOT NULL DROP TABLE #TempLTC;
CREATE TABLE #TempLTC (
    NIENKHOA NVARCHAR(9), HOCKY INT, MAMH NVARCHAR(10), NHOM INT, MAGV NVARCHAR(10), MAKHOA NVARCHAR(10), SOSVTOITHIEU INT
);

INSERT INTO #TempLTC VALUES 
('2024-2025', 1, 'CSDL', 1, 'GV07', 'CNTT', 15),
('2024-2025', 1, 'CSDL', 2, 'GV08', 'CNTT', 15),
('2024-2025', 1, 'LTHDT', 1, 'GV08', 'CNTT', 15),
('2024-2025', 1, 'MHMT', 1, 'GV10', 'DTVT', 10),
('2024-2025', 2, 'NMLT', 1, 'GV11', 'CNTT', 20),
('2024-2025', 2, 'TRR', 1, 'GV11', 'CNTT', 10),
('2024-2025', 2, 'HTTT', 1, 'GV07', 'CNTT', 15),
('2025-2026', 1, 'PTTKHT', 1, 'GV07', 'CNTT', 15),
('2025-2026', 1, 'LTW', 1, 'GV03', 'CNTT', 15),
('2025-2026', 1, 'LTW', 2, 'GV08', 'CNTT', 15),
('2025-2026', 1, 'LTMB', 1, 'GV08', 'CNTT', 10),
('2025-2026', 1, 'XLA', 1, 'GV05', 'CNTT', 10),
('2025-2026', 2, 'MMT', 1, 'GV02', 'CNTT', 15),
('2025-2026', 2, 'CSDL', 1, 'GV07', 'CNTT', 15),
('2025-2026', 2, 'CTDL', 1, 'GV01', 'CNTT', 15);

DECLARE @NK NVARCHAR(9), @HK INT, @MH NVARCHAR(10), @NH INT, @GV NVARCHAR(10), @KH NVARCHAR(10), @SVTT INT;
DECLARE cur CURSOR FOR SELECT * FROM #TempLTC;
OPEN cur;
FETCH NEXT FROM cur INTO @NK, @HK, @MH, @NH, @GV, @KH, @SVTT;
WHILE @@FETCH_STATUS = 0
BEGIN
    IF NOT EXISTS (SELECT 1 FROM LOPTINCHI WHERE NIENKHOA = @NK AND HOCKY = @HK AND MAMH = @MH AND NHOM = @NH)
        INSERT INTO LOPTINCHI (NIENKHOA, HOCKY, MAMH, NHOM, MAGV, MAKHOA, SOSVTOITHIEU) 
        VALUES (@NK, @HK, @MH, @NH, @GV, @KH, @SVTT);
    FETCH NEXT FROM cur INTO @NK, @HK, @MH, @NH, @GV, @KH, @SVTT;
END
CLOSE cur;
DEALLOCATE cur;
DROP TABLE #TempLTC;

-- 7. DANGKY
-- Seed registrations using a similar temporary table approach
IF OBJECT_ID('tempdb..#TempDK') IS NOT NULL DROP TABLE #TempDK;
CREATE TABLE #TempDK (
    MASV NVARCHAR(10), 
    NIENKHOA NVARCHAR(9), HOCKY INT, MAMH NVARCHAR(10), NHOM INT, 
    DIEM_CC INT, DIEM_GK FLOAT, DIEM_CK FLOAT, HUYDANGKY BIT
);

INSERT INTO #TempDK VALUES
-- HK1 2024-2025: Đã có điểm ĐẬU
('N22DCCN001', '2024-2025', 1, 'CSDL', 1, 10, 8.5, 9.0, 0),
('N22DCCN002', '2024-2025', 1, 'CSDL', 1, 10, 7.0, 8.0, 0),
('N22DCCN003', '2024-2025', 1, 'LTHDT', 1, 9, 6.5, 7.5, 0),
('N23DCVT001', '2024-2025', 1, 'MHMT', 1, 10, 8.0, 8.5, 0),

-- HK1 2024-2025: Đã có điểm RỚT (Sinh viên N22DCCN004 rớt CSDL)
('N22DCCN004', '2024-2025', 1, 'CSDL', 2, 8, 4.0, 3.5, 0),

-- HK1 2024-2025: Hủy đăng ký
('N23DCAT001', '2024-2025', 1, 'CSDL', 2, NULL, NULL, NULL, 1),

-- HK2 2024-2025: Đã có điểm ĐẬU
('N22DCCN005', '2024-2025', 2, 'NMLT', 1, 10, 9.0, 9.5, 0),
('N22DCCN006', '2024-2025', 2, 'NMLT', 1, 10, 8.5, 8.0, 0),
('N22DCCN007', '2024-2025', 2, 'HTTT', 1, 10, 7.5, 8.5, 0),

-- HK2 2024-2025: Hủy đăng ký
('N22DCCN008', '2024-2025', 2, 'TRR', 1, NULL, NULL, NULL, 1),

-- HK1 2025-2026 (Hiện tại): Đăng ký bình thường chưa có điểm
('N22DCCN001', '2025-2026', 1, 'PTTKHT', 1, NULL, NULL, NULL, 0),
('N22DCCN002', '2025-2026', 1, 'PTTKHT', 1, NULL, NULL, NULL, 0),
('N22DCCN003', '2025-2026', 1, 'LTW', 1, NULL, NULL, NULL, 0),
('N22DCCN004', '2025-2026', 1, 'LTW', 2, NULL, NULL, NULL, 0), -- Bạn này rớt CSDL ở trên nên đk môn lẻ LTW

('N23DCAT001', '2025-2026', 1, 'LTW', 2, NULL, NULL, NULL, 0),
('N23DCAT002', '2025-2026', 1, 'LTMB', 1, NULL, NULL, NULL, 0),
('N23DCVT002', '2025-2026', 1, 'XLA', 1, NULL, NULL, NULL, 0),

-- HK2 2025-2026: Đăng ký bình thường (cho HK sau)
('N23DCVT003', '2025-2026', 2, 'MMT', 1, NULL, NULL, NULL, 0),
('N23DCAT003', '2025-2026', 2, 'CSDL', 1, NULL, NULL, NULL, 0),
('N23DCAT004', '2025-2026', 2, 'CTDL', 1, NULL, NULL, NULL, 0);

DECLARE @SV NVARCHAR(10), @NK2 NVARCHAR(9), @HK2 INT, @MH2 NVARCHAR(10), @NH2 INT, @CC INT, @GK FLOAT, @CK FLOAT, @HUY BIT;
DECLARE @LTC_ID INT;
DECLARE curDK CURSOR FOR SELECT * FROM #TempDK;
OPEN curDK;
FETCH NEXT FROM curDK INTO @SV, @NK2, @HK2, @MH2, @NH2, @CC, @GK, @CK, @HUY;
WHILE @@FETCH_STATUS = 0
BEGIN
    SELECT @LTC_ID = MALTC FROM LOPTINCHI WHERE NIENKHOA = @NK2 AND HOCKY = @HK2 AND MAMH = @MH2 AND NHOM = @NH2;
    IF @LTC_ID IS NOT NULL AND NOT EXISTS (SELECT 1 FROM DANGKY WHERE MASV = @SV AND MALTC = @LTC_ID)
        INSERT INTO DANGKY (MALTC, MASV, DIEM_CC, DIEM_GK, DIEM_CK, HUYDANGKY) 
        VALUES (@LTC_ID, @SV, @CC, @GK, @CK, @HUY);
    
    FETCH NEXT FROM curDK INTO @SV, @NK2, @HK2, @MH2, @NH2, @CC, @GK, @CK, @HUY;
END
CLOSE curDK;
DEALLOCATE curDK;
DROP TABLE #TempDK;

PRINT N'--- Hoàn thành Seed Data ---';
GO
